,State_Name,year_month,State Code,AQI
0,Alabama,2020-01,1.0,29.538732394366196
1,Alabama,2020-02,1.0,28.063432835820894
2,Alabama,2020-03,1.0,37.69607843137255
3,Alabama,2020-04,1.0,41.85820895522388
4,Alabama,2020-05,1.0,40.17632850241546
5,Alabama,2020-06,1.0,39.972010178117046
6,Alabama,2020-07,1.0,35.68599033816425
7,Alabama,2020-08,1.0,39.25319693094629
8,Alabama,2020-09,1.0,36.09138381201044
9,Alabama,2020-10,1.0,37.14179104477612
10,Alabama,2020-11,1.0,38.77972027972028
11,Alabama,2020-12,1.0,40.21768707482993
12,Alabama,2021-01,1.0,31.35830618892508
13,Alabama,2021-02,1.0,32.91166077738516
14,Alabama,2021-03,1.0,42.92439024390244
15,Alabama,2021-04,1.0,45.835443037974684
16,Alabama,2021-05,1.0,43.13106796116505
17,Alabama,2021-06,1.0,36.2286432160804
18,Alabama,2021-07,1.0,34.806267806267805
19,Alabama,2021-08,1.0,35.724137931034484
20,Alaska,2020-01,2.0,38.26168224299065
21,Alaska,2020-02,2.0,25.70854271356784
22,Alaska,2020-03,2.0,23.460093896713616
23,Alaska,2020-04,2.0,22.44390243902439
24,Alaska,2020-05,2.0,22.057416267942585
25,Alaska,2020-06,2.0,16.25
26,Alaska,2020-07,2.0,16.85945945945946
27,Alaska,2020-08,2.0,15.285714285714286
28,Alaska,2020-09,2.0,17.220338983050848
29,Alaska,2020-10,2.0,25.626373626373628
30,Alaska,2020-11,2.0,35.61666666666667
31,Alaska,2020-12,2.0,32.05494505494506
32,Alaska,2021-01,2.0,45.66451612903226
33,Alaska,2021-02,2.0,35.892857142857146
34,Alaska,2021-03,2.0,28.780645161290323
35,Alaska,2021-04,2.0,29.29861111111111
36,Alaska,2021-05,2.0,23.941935483870967
37,Alaska,2021-06,2.0,20.729166666666668
38,Alaska,2021-07,2.0,23.0625
39,Alaska,2021-08,2.0,23.612903225806452
40,Alaska,2021-09,2.0,27.433333333333334
41,Arizona,2020-01,4.0,38.81592039800995
42,Arizona,2020-02,4.0,45.86206896551724
43,Arizona,2020-03,4.0,44.865671641791046
44,Arizona,2020-04,4.0,54.59487179487179
45,Arizona,2020-05,4.0,54.81203007518797
46,Arizona,2020-06,4.0,51.58961038961039
47,Arizona,2020-07,4.0,50.875
48,Arizona,2020-08,4.0,70.6029776674938
49,Arizona,2020-09,4.0,55.30769230769231
50,Arizona,2020-10,4.0,62.30521091811414
51,Arizona,2020-11,4.0,47.450520833333336
52,Arizona,2020-12,4.0,43.29032258064516
53,Arizona,2021-01,4.0,48.255376344086024
54,Arizona,2021-02,4.0,41.26721763085399
55,Arizona,2021-03,4.0,54.58646616541353
56,Arizona,2021-04,4.0,62.59383033419023
57,Arizona,2021-05,4.0,57.4975
58,Arizona,2021-06,4.0,58.741602067183464
59,Arizona,2021-07,4.0,54.69674185463659
60,Arizona,2021-08,4.0,47.66334164588529
61,Arizona,2021-09,4.0,44.802564102564105
62,Arizona,2021-10,4.0,22.6875
63,Arkansas,2020-01,5.0,30.748953974895397
64,Arkansas,2020-02,5.0,29.93607305936073
65,Arkansas,2020-03,5.0,34.65966386554622
66,Arkansas,2020-04,5.0,37.94117647058823
67,Arkansas,2020-05,5.0,35.86440677966102
68,Arkansas,2020-06,5.0,48.07109004739336
69,Arkansas,2020-07,5.0,38.208510638297874
70,Arkansas,2020-08,5.0,39.65145228215768
71,Arkansas,2020-09,5.0,37.53508771929825
72,Arkansas,2020-10,5.0,33.3771186440678
73,Arkansas,2020-11,5.0,34.585152838427945
74,Arkansas,2020-12,5.0,33.42553191489362
75,Arkansas,2021-01,5.0,30.766666666666666
76,Arkansas,2021-02,5.0,36.27804878048781
77,Arkansas,2021-03,5.0,40.042735042735046
78,Arkansas,2021-04,5.0,39.9825327510917
79,Arkansas,2021-05,5.0,37.489626556016596
80,Arkansas,2021-06,5.0,41.52173913043478
81,Arkansas,2021-07,5.0,46.05128205128205
82,Arkansas,2021-08,5.0,44.8771186440678
83,Arkansas,2021-09,5.0,44.84924623115578
84,Arkansas,2021-10,5.0,3.0
85,California,2020-01,6.0,46.355514479359215
86,California,2020-02,6.0,47.12270341207349
87,California,2020-03,6.0,40.11409395973154
88,California,2020-04,6.0,41.44914718888187
89,California,2020-05,6.0,49.54017305315204
90,California,2020-06,6.0,47.85376756066411
91,California,2020-07,6.0,55.73374613003096
92,California,2020-08,6.0,80.11919315403424
93,California,2020-09,6.0,107.30239898989899
94,California,2020-10,6.0,75.83709579011592
95,California,2020-11,6.0,52.01449275362319
96,California,2020-12,6.0,53.46861669713589
97,California,2021-01,6.0,49.577070063694265
98,California,2021-02,6.0,44.22899159663866
99,California,2021-03,6.0,43.33290816326531
100,California,2021-04,6.0,50.29888084265964
101,California,2021-05,6.0,48.37861915367483
102,California,2021-06,6.0,50.194136291600636
103,California,2021-07,6.0,59.81166837256909
104,California,2021-08,6.0,81.68376068376068
105,California,2021-09,6.0,62.44549125168237
106,California,2021-10,6.0,43.93827160493827
107,California,2021-11,6.0,36.73684210526316
108,Colorado,2020-01,8.0,35.11731843575419
109,Colorado,2020-02,8.0,38.06635071090047
110,Colorado,2020-03,8.0,37.7820324005891
111,Colorado,2020-04,8.0,40.589622641509436
112,Colorado,2020-05,8.0,46.442622950819676
113,Colorado,2020-06,8.0,48.04012345679013
114,Colorado,2020-07,8.0,47.9312865497076
115,Colorado,2020-08,8.0,66.44381223328591
116,Colorado,2020-09,8.0,52.113263785394935
117,Colorado,2020-10,8.0,45.015514809590975
118,Colorado,2020-11,8.0,35.695454545454545
119,Colorado,2020-12,8.0,34.65035971223021
120,Colorado,2021-01,8.0,38.82551319648094
121,Colorado,2021-02,8.0,39.278955954323
122,Colorado,2021-03,8.0,43.06470588235294
123,Colorado,2021-04,8.0,43.19515885022693
124,Colorado,2021-05,8.0,44.39737991266376
125,Colorado,2021-06,8.0,54.00751879699248
126,Colorado,2021-07,8.0,74.44093178036606
127,Colorado,2021-08,8.0,68.71204188481676
128,Colorado,2021-09,8.0,41.91847826086956
129,Colorado,2021-10,8.0,22.955555555555556
130,Connecticut,2020-01,9.0,35.086021505376344
131,Connecticut,2020-02,9.0,37.367816091954026
132,Connecticut,2020-03,9.0,40.02439024390244
133,Connecticut,2020-04,9.0,41.90212765957447
134,Connecticut,2020-05,9.0,40.939516129032256
135,Connecticut,2020-06,9.0,48.791666666666664
136,Connecticut,2020-07,9.0,51.23790322580645
137,Connecticut,2020-08,9.0,47.69827586206897
138,Connecticut,2020-09,9.0,35.01276595744681
139,Connecticut,2020-10,9.0,30.816216216216215
140,Connecticut,2020-11,9.0,38.111111111111114
141,Connecticut,2020-12,9.0,38.016129032258064
142,Connecticut,2021-01,9.0,35.432432432432435
143,Connecticut,2021-02,9.0,37.8780487804878
144,Connecticut,2021-03,9.0,41.84426229508197
145,Connecticut,2021-04,9.0,43.273109243697476
146,Connecticut,2021-05,9.0,44.21138211382114
147,Connecticut,2021-06,9.0,53.60683760683761
148,Connecticut,2021-07,9.0,31.441176470588236
149,Connecticut,2021-08,9.0,37.935483870967744
150,Country Of Mexico,2020-01,80.0,33.096774193548384
151,Country Of Mexico,2020-02,80.0,38.275862068965516
152,Country Of Mexico,2020-03,80.0,38.193548387096776
153,Country Of Mexico,2020-04,80.0,49.833333333333336
154,Country Of Mexico,2020-05,80.0,59.92
155,Country Of Mexico,2020-10,80.0,93.25806451612904
156,Country Of Mexico,2020-11,80.0,116.13333333333334
157,Country Of Mexico,2020-12,80.0,128.70967741935485
158,Country Of Mexico,2021-01,80.0,106.90322580645162
159,Country Of Mexico,2021-02,80.0,85.96428571428571
160,Country Of Mexico,2021-03,80.0,70.03225806451613
161,Country Of Mexico,2021-04,80.0,53.666666666666664
162,Country Of Mexico,2021-05,80.0,58.32258064516129
163,Country Of Mexico,2021-06,80.0,63.833333333333336
164,Country Of Mexico,2021-07,80.0,56.774193548387096
165,Country Of Mexico,2021-08,80.0,57.41935483870968
166,Country Of Mexico,2021-09,80.0,64.36666666666666
167,Country Of Mexico,2021-10,80.0,84.09677419354838
168,Delaware,2020-01,10.0,37.225806451612904
169,Delaware,2020-02,10.0,38.0
170,Delaware,2020-03,10.0,40.56989247311828
171,Delaware,2020-04,10.0,42.15555555555556
172,Delaware,2020-05,10.0,39.56989247311828
173,Delaware,2020-06,10.0,45.666666666666664
174,Delaware,2020-07,10.0,47.88172043010753
175,Delaware,2020-08,10.0,39.38709677419355
176,Delaware,2020-09,10.0,34.5
177,Delaware,2020-10,10.0,32.77173913043478
178,Delaware,2020-11,10.0,39.6
179,Delaware,2020-12,10.0,38.53333333333333
180,Delaware,2021-01,10.0,39.806451612903224
181,Delaware,2021-02,10.0,40.075
182,Delaware,2021-03,10.0,40.35164835164835
183,Delaware,2021-04,10.0,43.833333333333336
184,Delaware,2021-05,10.0,46.88172043010753
185,Delaware,2021-06,10.0,3.0
186,District Of Columbia,2020-01,11.0,36.67741935483871
187,District Of Columbia,2020-02,11.0,38.13793103448276
188,District Of Columbia,2020-03,11.0,38.32258064516129
189,District Of Columbia,2020-04,11.0,41.56666666666667
190,District Of Columbia,2020-05,11.0,40.225806451612904
191,District Of Columbia,2020-06,11.0,48.4
192,District Of Columbia,2020-07,11.0,58.96774193548387
193,District Of Columbia,2020-08,11.0,43.45161290322581
194,District Of Columbia,2020-09,11.0,36.233333333333334
195,District Of Columbia,2020-10,11.0,34.74193548387097
196,District Of Columbia,2020-11,11.0,43.266666666666666
197,District Of Columbia,2020-12,11.0,37.645161290322584
198,District Of Columbia,2021-01,11.0,40.774193548387096
199,District Of Columbia,2021-02,11.0,57.0
200,District Of Columbia,2021-03,11.0,45.67741935483871
201,District Of Columbia,2021-04,11.0,48.233333333333334
202,District Of Columbia,2021-05,11.0,52.96774193548387
203,District Of Columbia,2021-06,11.0,49.2
204,District Of Columbia,2021-07,11.0,66.29032258064517
205,District Of Columbia,2021-08,11.0,54.935483870967744
206,District Of Columbia,2021-09,11.0,43.06666666666667
207,District Of Columbia,2021-10,11.0,5.0
208,Florida,2020-01,12.0,37.55722639933166
209,Florida,2020-02,12.0,36.70497737556561
210,Florida,2020-03,12.0,40.50735930735931
211,Florida,2020-04,12.0,46.89799635701275
212,Florida,2020-05,12.0,42.29432013769363
213,Florida,2020-06,12.0,38.13143872113677
214,Florida,2020-07,12.0,37.17223650385604
215,Florida,2020-08,12.0,32.335064935064935
216,Florida,2020-09,12.0,32.84566210045662
217,Florida,2020-10,12.0,33.19039451114923
218,Florida,2020-11,12.0,33.53445229681979
219,Florida,2020-12,12.0,36.730050933786075
220,Florida,2021-01,12.0,36.9485049833887
221,Florida,2021-02,12.0,34.396471680594246
222,Florida,2021-03,12.0,39.545529801324506
223,Florida,2021-04,12.0,45.415239726027394
224,Florida,2021-05,12.0,42.128311258278146
225,Florida,2021-06,12.0,31.804647160068846
226,Florida,2021-07,12.0,24.753623188405797
227,Florida,2021-08,12.0,26.372881355932204
228,Georgia,2020-01,13.0,28.99826388888889
229,Georgia,2020-02,13.0,28.067039106145252
230,Georgia,2020-03,13.0,39.200247218788626
231,Georgia,2020-04,13.0,39.955414012738856
232,Georgia,2020-05,13.0,36.73762376237624
233,Georgia,2020-06,13.0,37.62830687830688
234,Georgia,2020-07,13.0,36.711313394018205
235,Georgia,2020-08,13.0,35.12738853503185
236,Georgia,2020-09,13.0,32.410526315789475
237,Georgia,2020-10,13.0,33.74226804123711
238,Georgia,2020-11,13.0,34.024299065420564
239,Georgia,2020-12,13.0,39.99820143884892
240,Georgia,2021-01,13.0,34.60861423220974
241,Georgia,2021-02,13.0,33.19340659340659
242,Georgia,2021-03,13.0,43.830357142857146
243,Georgia,2021-04,13.0,47.11313394018205
244,Georgia,2021-05,13.0,42.262515262515265
245,Georgia,2021-06,13.0,34.91881443298969
246,Georgia,2021-07,13.0,38.197560975609754
247,Georgia,2021-08,13.0,38.39342105263158
248,Georgia,2021-09,13.0,24.681564245810055
249,Georgia,2021-10,13.0,31.29032258064516
250,Hawaii,2020-01,15.0,22.193548387096776
251,Hawaii,2020-02,15.0,21.71153846153846
252,Hawaii,2020-03,15.0,20.5
253,Hawaii,2020-04,15.0,17.95
254,Hawaii,2020-05,15.0,17.919354838709676
255,Hawaii,2020-06,15.0,19.858333333333334
256,Hawaii,2020-07,15.0,15.870967741935484
257,Hawaii,2020-08,15.0,14.774193548387096
258,Hawaii,2020-09,15.0,14.588235294117647
259,Hawaii,2020-10,15.0,18.991935483870968
260,Hawaii,2020-11,15.0,19.4
261,Hawaii,2020-12,15.0,21.612903225806452
262,Hawaii,2021-01,15.0,35.95161290322581
263,Hawaii,2021-02,15.0,31.035714285714285
264,Hawaii,2021-03,15.0,30.75
265,Hawaii,2021-04,15.0,23.833333333333332
266,Hawaii,2021-05,15.0,19.443548387096776
267,Hawaii,2021-06,15.0,15.441666666666666
268,Hawaii,2021-07,15.0,0.71875
269,Hawaii,2021-08,15.0,6.387096774193548
270,Hawaii,2021-09,15.0,7.7
271,Idaho,2020-01,16.0,28.80267558528428
272,Idaho,2020-02,16.0,29.2
273,Idaho,2020-03,16.0,24.687919463087248
274,Idaho,2020-04,16.0,23.03979238754325
275,Idaho,2020-05,16.0,21.260204081632654
276,Idaho,2020-06,16.0,19.254937163375224
277,Idaho,2020-07,16.0,27.87331081081081
278,Idaho,2020-08,16.0,45.01061946902655
279,Idaho,2020-09,16.0,66.38909090909091
280,Idaho,2020-10,16.0,38.8515205724508
281,Idaho,2020-11,16.0,37.0939226519337
282,Idaho,2020-12,16.0,39.11964285714286
283,Idaho,2021-01,16.0,35.922413793103445
284,Idaho,2021-02,16.0,27.35902255639098
285,Idaho,2021-03,16.0,30.152801358234296
286,Idaho,2021-04,16.0,27.293594306049823
287,Idaho,2021-05,16.0,22.98784722222222
288,Idaho,2021-06,16.0,26.822580645161292
289,Idaho,2021-07,16.0,74.47741935483872
290,Idaho,2021-08,16.0,61.909677419354836
291,Idaho,2021-09,16.0,43.736486486486484
292,Illinois,2020-01,17.0,35.5716723549488
293,Illinois,2020-02,17.0,33.56552962298025
294,Illinois,2020-03,17.0,38.94492753623189
295,Illinois,2020-04,17.0,42.58740157480315
296,Illinois,2020-05,17.0,40.27407407407407
297,Illinois,2020-06,17.0,57.3391557496361
298,Illinois,2020-07,17.0,49.319241982507286
299,Illinois,2020-08,17.0,42.554455445544555
300,Illinois,2020-09,17.0,37.15620437956204
301,Illinois,2020-10,17.0,34.3497191011236
302,Illinois,2020-11,17.0,33.88811188811189
303,Illinois,2020-12,17.0,40.18487394957983
304,Illinois,2021-01,17.0,31.90947666195191
305,Illinois,2021-02,17.0,33.82737169517885
306,Illinois,2021-03,17.0,35.83990442054958
307,Illinois,2021-04,17.0,37.06973848069738
308,Illinois,2021-05,17.0,37.36154776299879
309,Illinois,2021-06,17.0,46.71197007481297
310,Illinois,2021-07,17.0,44.96774193548387
311,Illinois,2021-08,17.0,43.45932415519399
312,Illinois,2021-09,17.0,39.300400534045394
313,Illinois,2021-10,17.0,31.67321178120617
314,Illinois,2021-11,17.0,3.0
315,Indiana,2020-01,18.0,32.95124481327801
316,Indiana,2020-02,18.0,35.57888888888889
317,Indiana,2020-03,18.0,35.82224532224532
318,Indiana,2020-04,18.0,39.74809989142237
319,Indiana,2020-05,18.0,37.21511017838405
320,Indiana,2020-06,18.0,51.482948294829484
321,Indiana,2020-07,18.0,46.8391167192429
322,Indiana,2020-08,18.0,39.567539267015704
323,Indiana,2020-09,18.0,36.47665580890337
324,Indiana,2020-10,18.0,31.52436440677966
325,Indiana,2020-11,18.0,34.21800433839479
326,Indiana,2020-12,18.0,34.870698644421275
327,Indiana,2021-01,18.0,31.501960784313727
328,Indiana,2021-02,18.0,39.51843817787419
329,Indiana,2021-03,18.0,37.047856430707874
330,Indiana,2021-04,18.0,40.111675126903556
331,Indiana,2021-05,18.0,39.993170731707316
332,Indiana,2021-06,18.0,44.24016563146998
333,Indiana,2021-07,18.0,47.228338430173295
334,Indiana,2021-08,18.0,43.64480322906155
335,Indiana,2021-09,18.0,39.2671568627451
336,Indiana,2021-10,18.0,29.728070175438596
337,Iowa,2020-01,19.0,39.14366197183099
338,Iowa,2020-02,19.0,34.64
339,Iowa,2020-03,19.0,35.44444444444444
340,Iowa,2020-04,19.0,39.858560794044664
341,Iowa,2020-05,19.0,34.22572815533981
342,Iowa,2020-06,19.0,43.280701754385966
343,Iowa,2020-07,19.0,39.62621359223301
344,Iowa,2020-08,19.0,37.229268292682924
345,Iowa,2020-09,19.0,31.39
346,Iowa,2020-10,19.0,32.44038929440389
347,Iowa,2020-11,19.0,34.665625
348,Iowa,2020-12,19.0,42.00923076923077
349,Iowa,2021-01,19.0,43.48022598870057
350,Iowa,2021-02,19.0,44.21103896103896
351,Iowa,2021-03,19.0,40.318734793187346
352,Iowa,2021-04,19.0,39.854636591478695
353,Iowa,2021-05,19.0,36.44202898550725
354,Iowa,2021-06,19.0,45.140306122448976
355,Iowa,2021-07,19.0,51.61916461916462
356,Iowa,2021-08,19.0,44.09725685785536
357,Iowa,2021-09,19.0,39.06
358,Iowa,2021-10,19.0,32.473118279569896
359,Iowa,2021-11,19.0,1.0
360,Kansas,2020-01,20.0,28.24922118380062
361,Kansas,2020-02,20.0,29.036789297658864
362,Kansas,2020-03,20.0,31.523364485981308
363,Kansas,2020-04,20.0,41.138297872340424
364,Kansas,2020-05,20.0,33.096875
365,Kansas,2020-06,20.0,46.99032258064516
366,Kansas,2020-07,20.0,40.83050847457627
367,Kansas,2020-08,20.0,39.57586206896552
368,Kansas,2020-09,20.0,37.08391608391609
369,Kansas,2020-10,20.0,37.46
370,Kansas,2020-11,20.0,31.785714285714285
371,Kansas,2020-12,20.0,32.06875
372,Kansas,2021-01,20.0,35.5945945945946
373,Kansas,2021-02,20.0,33.59285714285714
374,Kansas,2021-03,20.0,36.88709677419355
375,Kansas,2021-04,20.0,40.60333333333333
376,Kansas,2021-05,20.0,32.11003236245955
377,Kansas,2021-06,20.0,44.68333333333333
378,Kansas,2021-07,20.0,1.0
379,Kentucky,2020-01,21.0,31.08438818565401
380,Kentucky,2020-02,21.0,31.029411764705884
381,Kentucky,2020-03,21.0,35.6848635235732
382,Kentucky,2020-04,21.0,40.96632124352332
383,Kentucky,2020-05,21.0,36.90535491905355
384,Kentucky,2020-06,21.0,45.63068920676203
385,Kentucky,2020-07,21.0,40.468193384223916
386,Kentucky,2020-08,21.0,36.59473023839398
387,Kentucky,2020-09,21.0,33.521907216494846
388,Kentucky,2020-10,21.0,30.6875
389,Kentucky,2020-11,21.0,35.120507399577164
390,Kentucky,2020-12,21.0,38.32443531827516
391,Kentucky,2021-01,21.0,29.9184
392,Kentucky,2021-02,21.0,34.86206896551724
393,Kentucky,2021-03,21.0,40.10507246376812
394,Kentucky,2021-04,21.0,42.20880503144654
395,Kentucky,2021-05,21.0,41.831932773109244
396,Kentucky,2021-06,21.0,39.432330827067666
397,Kentucky,2021-07,21.0,40.92335766423358
398,Kentucky,2021-08,21.0,36.49186991869919
399,Kentucky,2021-09,21.0,37.28
400,Kentucky,2021-10,21.0,28.976
401,Louisiana,2020-01,22.0,31.52912621359223
402,Louisiana,2020-02,22.0,33.251736111111114
403,Louisiana,2020-03,22.0,35.980551053484604
404,Louisiana,2020-04,22.0,42.34395973154363
405,Louisiana,2020-05,22.0,41.33387622149837
406,Louisiana,2020-06,22.0,40.81512605042017
407,Louisiana,2020-07,22.0,35.220421393841164
408,Louisiana,2020-08,22.0,38.20792079207921
409,Louisiana,2020-09,22.0,33.84146341463415
410,Louisiana,2020-10,22.0,35.41245791245791
411,Louisiana,2020-11,22.0,34.09243697478992
412,Louisiana,2020-12,22.0,33.5311475409836
413,Louisiana,2021-01,22.0,31.631901840490798
414,Louisiana,2021-02,22.0,31.69434628975265
415,Louisiana,2021-03,22.0,35.82103610675039
416,Louisiana,2021-04,22.0,38.57698541329011
417,Louisiana,2021-05,22.0,37.36517719568567
418,Louisiana,2021-06,22.0,31.189406099518457
419,Louisiana,2021-07,22.0,34.328990228013026
420,Louisiana,2021-08,22.0,37.62988115449915
421,Louisiana,2021-09,22.0,36.62062256809339
422,Louisiana,2021-10,22.0,36.9349593495935
423,Louisiana,2021-11,22.0,5.5
424,Maine,2020-01,23.0,32.66153846153846
425,Maine,2020-02,23.0,36.78538812785388
426,Maine,2020-03,23.0,41.06810035842294
427,Maine,2020-04,23.0,40.50557620817844
428,Maine,2020-05,23.0,38.32786885245902
429,Maine,2020-06,23.0,36.35117056856188
430,Maine,2020-07,23.0,32.08417508417509
431,Maine,2020-08,23.0,32.407766990291265
432,Maine,2020-09,23.0,29.006666666666668
433,Maine,2020-10,23.0,25.030434782608694
434,Maine,2020-11,23.0,29.425837320574164
435,Maine,2020-12,23.0,28.11
436,Maine,2021-01,23.0,29.47906976744186
437,Maine,2021-02,23.0,34.866359447004605
438,Maine,2021-03,23.0,41.267100977198695
439,Maine,2021-04,23.0,40.23232323232323
440,Maine,2021-05,23.0,38.96116504854369
441,Maine,2021-06,23.0,43.71
442,Maine,2021-07,23.0,31.97741935483871
443,Maine,2021-08,23.0,36.284789644012946
444,Maine,2021-09,23.0,28.073333333333334
445,Maine,2021-10,23.0,23.029556650246306
446,Maine,2021-11,23.0,2.0
447,Maryland,2020-01,24.0,27.830409356725145
448,Maryland,2020-02,24.0,30.157894736842106
449,Maryland,2020-03,24.0,35.52258064516129
450,Maryland,2020-04,24.0,39.4625
451,Maryland,2020-05,24.0,37.58452138492871
452,Maryland,2020-06,24.0,42.87157894736842
453,Maryland,2020-07,24.0,46.940816326530616
454,Maryland,2020-08,24.0,38.59634888438134
455,Maryland,2020-09,24.0,31.925
456,Maryland,2020-10,24.0,29.387096774193548
457,Maryland,2020-11,24.0,32.854838709677416
458,Maryland,2020-12,24.0,31.92463768115942
459,Maryland,2021-01,24.0,30.660326086956523
460,Maryland,2021-02,24.0,36.51343283582089
461,Maryland,2021-03,24.0,40.95151515151515
462,Maryland,2021-04,24.0,44.45929018789144
463,Maryland,2021-05,24.0,46.82786885245902
464,Maryland,2021-06,24.0,42.995753715498935
465,Maryland,2021-07,24.0,50.967413441955195
466,Maryland,2021-08,24.0,45.249492900608516
467,Maryland,2021-09,24.0,36.9875
468,Maryland,2021-10,24.0,30.365296803652967
469,Massachusetts,2020-01,25.0,37.50877192982456
470,Massachusetts,2020-02,25.0,40.833333333333336
471,Massachusetts,2020-03,25.0,39.392059553349874
472,Massachusetts,2020-04,25.0,39.9819587628866
473,Massachusetts,2020-05,25.0,37.297766749379655
474,Massachusetts,2020-06,25.0,39.904884318766065
475,Massachusetts,2020-07,25.0,39.89054726368159
476,Massachusetts,2020-08,25.0,38.945409429280396
477,Massachusetts,2020-09,25.0,32.782051282051285
478,Massachusetts,2020-10,25.0,31.2191435768262
479,Massachusetts,2020-11,25.0,35.89350649350649
480,Massachusetts,2020-12,25.0,37.11940298507463
481,Massachusetts,2021-01,25.0,37.054590570719604
482,Massachusetts,2021-02,25.0,39.35457063711911
483,Massachusetts,2021-03,25.0,40.06532663316583
484,Massachusetts,2021-04,25.0,39.34020618556701
485,Massachusetts,2021-05,25.0,41.56359102244389
486,Massachusetts,2021-06,25.0,45.364102564102566
487,Massachusetts,2021-07,25.0,41.146766169154226
488,Massachusetts,2021-08,25.0,41.22332506203474
489,Massachusetts,2021-09,25.0,6.0
490,Michigan,2020-01,26.0,29.456611570247933
491,Michigan,2020-02,26.0,34.66034482758621
492,Michigan,2020-03,26.0,35.428759894459105
493,Michigan,2020-04,26.0,37.97544338335607
494,Michigan,2020-05,26.0,37.46772068511199
495,Michigan,2020-06,26.0,54.37567567567567
496,Michigan,2020-07,26.0,46.299202127659576
497,Michigan,2020-08,26.0,39.20827943078913
498,Michigan,2020-09,26.0,32.5498687664042
499,Michigan,2020-10,26.0,28.68837803320562
500,Michigan,2020-11,26.0,31.304255319148936
501,Michigan,2020-12,26.0,31.056521739130435
502,Michigan,2021-01,26.0,38.65882352941176
503,Michigan,2021-02,26.0,41.32915921288014
504,Michigan,2021-03,26.0,40.54043645699615
505,Michigan,2021-04,26.0,41.670748299319726
506,Michigan,2021-05,26.0,44.911311053984576
507,Michigan,2021-06,26.0,51.564580559254324
508,Michigan,2021-07,26.0,39.42428376534789
509,Michigan,2021-08,26.0,44.24931880108992
510,Michigan,2021-09,26.0,36.60339506172839
511,Michigan,2021-10,26.0,28.211453744493394
512,Minnesota,2020-01,27.0,30.182674199623353
513,Minnesota,2020-02,27.0,26.831663326653306
514,Minnesota,2020-03,27.0,32.509181969949914
515,Minnesota,2020-04,27.0,33.03938356164384
516,Minnesota,2020-05,27.0,33.26550079491256
517,Minnesota,2020-06,27.0,38.275862068965516
518,Minnesota,2020-07,27.0,30.762938230383973
519,Minnesota,2020-08,27.0,29.17258064516129
520,Minnesota,2020-09,27.0,26.555737704918034
521,Minnesota,2020-10,27.0,26.91653290529695
522,Minnesota,2020-11,27.0,26.992141453831042
523,Minnesota,2020-12,27.0,31.09126213592233
524,Minnesota,2021-01,27.0,34.009727626459146
525,Minnesota,2021-02,27.0,34.86862745098039
526,Minnesota,2021-03,27.0,35.449586776859505
527,Minnesota,2021-04,27.0,33.91279069767442
528,Minnesota,2021-05,27.0,36.82702702702703
529,Minnesota,2021-06,27.0,45.56666666666667
530,Minnesota,2021-07,27.0,35.0
531,Minnesota,2021-08,27.0,34.6551724137931
532,Minnesota,2021-09,27.0,31.833333333333332
533,Mississippi,2020-01,28.0,34.568548387096776
534,Mississippi,2020-02,28.0,30.48230088495575
535,Mississippi,2020-03,28.0,38.38709677419355
536,Mississippi,2020-04,28.0,44.80968858131488
537,Mississippi,2020-05,28.0,41.03559870550162
538,Mississippi,2020-06,28.0,41.04406779661017
539,Mississippi,2020-07,28.0,36.25925925925926
540,Mississippi,2020-08,28.0,38.311258278145694
541,Mississippi,2020-09,28.0,36.74740484429066
542,Mississippi,2020-10,28.0,37.50342465753425
543,Mississippi,2020-11,28.0,38.67843137254902
544,Mississippi,2020-12,28.0,37.55510204081633
545,Mississippi,2021-01,28.0,34.7246963562753
546,Mississippi,2021-02,28.0,36.86877828054298
547,Mississippi,2021-03,28.0,41.66129032258065
548,Mississippi,2021-04,28.0,42.996632996633
549,Mississippi,2021-05,28.0,40.28896103896104
550,Mississippi,2021-06,28.0,35.473333333333336
551,Mississippi,2021-07,28.0,36.501628664495115
552,Mississippi,2021-08,28.0,27.2
553,Missouri,2020-01,29.0,29.919308357348704
554,Missouri,2020-02,29.0,27.56547619047619
555,Missouri,2020-03,29.0,35.93894389438944
556,Missouri,2020-04,29.0,40.78103448275862
557,Missouri,2020-05,29.0,36.68394648829432
558,Missouri,2020-06,29.0,49.44386873920553
559,Missouri,2020-07,29.0,42.40233722871452
560,Missouri,2020-08,29.0,38.24247491638796
561,Missouri,2020-09,29.0,35.01528013582343
562,Missouri,2020-10,29.0,32.713815789473685
563,Missouri,2020-11,29.0,28.26801152737752
564,Missouri,2020-12,29.0,36.5125348189415
565,Missouri,2021-01,29.0,30.176344086021505
566,Missouri,2021-02,29.0,33.39454094292804
567,Missouri,2021-03,29.0,41.78592375366569
568,Missouri,2021-04,29.0,44.080424886191196
569,Missouri,2021-05,29.0,38.577712609970675
570,Missouri,2021-06,29.0,46.27272727272727
571,Missouri,2021-07,29.0,45.40806451612903
572,Missouri,2021-08,29.0,40.731825525040385
573,Missouri,2021-09,29.0,40.696666666666665
574,Missouri,2021-10,29.0,4.0
575,Montana,2020-01,30.0,30.124015748031496
576,Montana,2020-02,30.0,30.838297872340426
577,Montana,2020-03,30.0,30.258
578,Montana,2020-04,30.0,31.384449244060477
579,Montana,2020-05,30.0,25.543568464730292
580,Montana,2020-06,30.0,24.930648769574944
581,Montana,2020-07,30.0,31.095238095238095
582,Montana,2020-08,30.0,43.41056910569106
583,Montana,2020-09,30.0,57.666666666666664
584,Montana,2020-10,30.0,36.59016393442623
585,Montana,2020-11,30.0,35.045929018789145
586,Montana,2020-12,30.0,34.17922606924643
587,Montana,2021-01,30.0,35.27489177489178
588,Montana,2021-02,30.0,34.445238095238096
589,Montana,2021-03,30.0,35.69462365591398
590,Montana,2021-04,30.0,34.787528868360276
591,Montana,2021-05,30.0,29.095860566448803
592,Montana,2021-06,30.0,35.598194130925506
593,Montana,2021-07,30.0,46.63492063492063
594,Montana,2021-08,30.0,50.54838709677419
595,Montana,2021-09,30.0,30.233333333333334
596,Nebraska,2020-01,31.0,23.913265306122447
597,Nebraska,2020-02,31.0,21.4375
598,Nebraska,2020-03,31.0,24.004830917874397
599,Nebraska,2020-04,31.0,33.99029126213592
600,Nebraska,2020-05,31.0,28.983050847457626
601,Nebraska,2020-06,31.0,35.891625615763544
602,Nebraska,2020-07,31.0,31.641350210970465
603,Nebraska,2020-08,31.0,33.528888888888886
604,Nebraska,2020-09,31.0,33.14746543778802
605,Nebraska,2020-10,31.0,31.014084507042252
606,Nebraska,2020-11,31.0,23.90776699029126
607,Nebraska,2020-12,31.0,24.985436893203882
608,Nebraska,2021-01,31.0,28.344827586206897
609,Nebraska,2021-02,31.0,29.915254237288135
610,Nebraska,2021-03,31.0,29.441964285714285
611,Nebraska,2021-04,31.0,29.757009345794394
612,Nebraska,2021-05,31.0,25.94090909090909
613,Nebraska,2021-06,31.0,40.81222707423581
614,Nebraska,2021-07,31.0,46.39393939393939
615,Nebraska,2021-08,31.0,42.61924686192469
616,Nebraska,2021-09,31.0,35.694736842105264
617,Nebraska,2021-10,31.0,27.086206896551722
618,Nevada,2020-01,32.0,33.2202166064982
619,Nevada,2020-02,32.0,34.32183908045977
620,Nevada,2020-03,32.0,32.18996415770609
621,Nevada,2020-04,32.0,34.3574144486692
622,Nevada,2020-05,32.0,38.98566308243728
623,Nevada,2020-06,32.0,36.156716417910445
624,Nevada,2020-07,32.0,41.03703703703704
625,Nevada,2020-08,32.0,62.526881720430104
626,Nevada,2020-09,32.0,69.77037037037037
627,Nevada,2020-10,32.0,40.989208633093526
628,Nevada,2020-11,32.0,35.63333333333333
629,Nevada,2020-12,32.0,36.17204301075269
630,Nevada,2021-01,32.0,33.15384615384615
631,Nevada,2021-02,32.0,32.108695652173914
632,Nevada,2021-03,32.0,33.78968253968254
633,Nevada,2021-04,32.0,39.71370967741935
634,Nevada,2021-05,32.0,40.97683397683398
635,Nevada,2021-06,32.0,44.0
636,Nevada,2021-07,32.0,77.98924731182795
637,Nevada,2021-08,32.0,102.15873015873017
638,Nevada,2021-09,32.0,60.39655172413793
639,Nevada,2021-10,32.0,3.0
640,New Hampshire,2020-01,33.0,33.13812154696133
641,New Hampshire,2020-02,33.0,35.6551724137931
642,New Hampshire,2020-03,33.0,41.11574074074074
643,New Hampshire,2020-04,33.0,41.72380952380952
644,New Hampshire,2020-05,33.0,40.1705069124424
645,New Hampshire,2020-06,33.0,37.838095238095235
646,New Hampshire,2020-07,33.0,34.870370370370374
647,New Hampshire,2020-08,33.0,33.68518518518518
648,New Hampshire,2020-09,33.0,32.73809523809524
649,New Hampshire,2020-10,33.0,28.392473118279568
650,New Hampshire,2020-11,33.0,32.65
651,New Hampshire,2020-12,33.0,34.145161290322584
652,New Hampshire,2021-01,33.0,31.40552995391705
653,New Hampshire,2021-02,33.0,34.01538461538462
654,New Hampshire,2021-03,33.0,42.31797235023041
655,New Hampshire,2021-04,33.0,40.97142857142857
656,New Hampshire,2021-05,33.0,41.86175115207373
657,New Hampshire,2021-06,33.0,42.733333333333334
658,New Hampshire,2021-07,33.0,20.727272727272727
659,New Hampshire,2021-08,33.0,25.517241379310345
660,New Jersey,2020-01,34.0,35.99047619047619
661,New Jersey,2020-02,34.0,37.423772609819125
662,New Jersey,2020-03,34.0,37.256048387096776
663,New Jersey,2020-04,34.0,38.84759916492693
664,New Jersey,2020-05,34.0,37.063655030800824
665,New Jersey,2020-06,34.0,43.012875536480685
666,New Jersey,2020-07,34.0,46.60542797494781
667,New Jersey,2020-08,34.0,41.20582120582121
668,New Jersey,2020-09,34.0,33.61715481171548
669,New Jersey,2020-10,34.0,30.704166666666666
670,New Jersey,2020-11,34.0,38.96305418719212
671,New Jersey,2020-12,34.0,38.38498789346247
672,New Jersey,2021-01,34.0,35.519417475728154
673,New Jersey,2021-02,34.0,39.333333333333336
674,New Jersey,2021-03,34.0,40.463562753036435
675,New Jersey,2021-04,34.0,42.00416666666667
676,New Jersey,2021-05,34.0,44.100204498977504
677,New Jersey,2021-06,34.0,45.64791666666667
678,New Jersey,2021-07,34.0,36.73529411764706
679,New Jersey,2021-08,34.0,48.31818181818182
680,New Mexico,2020-01,35.0,31.807692307692307
681,New Mexico,2020-02,35.0,31.28491620111732
682,New Mexico,2020-03,35.0,33.43908629441624
683,New Mexico,2020-04,35.0,39.447154471544714
684,New Mexico,2020-05,35.0,45.79220779220779
685,New Mexico,2020-06,35.0,48.07774798927614
686,New Mexico,2020-07,35.0,42.9300518134715
687,New Mexico,2020-08,35.0,53.20051413881748
688,New Mexico,2020-09,35.0,46.50268817204301
689,New Mexico,2020-10,35.0,42.812820512820515
690,New Mexico,2020-11,35.0,35.06702412868633
691,New Mexico,2020-12,35.0,33.8025974025974
692,New Mexico,2021-01,35.0,38.008823529411764
693,New Mexico,2021-02,35.0,37.02605863192182
694,New Mexico,2021-03,35.0,47.31974921630094
695,New Mexico,2021-04,35.0,45.693939393939395
696,New Mexico,2021-05,35.0,52.02064896755162
697,New Mexico,2021-06,35.0,60.09907120743034
698,New Mexico,2021-07,35.0,70.93548387096774
699,New Mexico,2021-08,35.0,57.096774193548384
700,New Mexico,2021-09,35.0,53.80701754385965
701,New York,2020-01,36.0,35.242553191489364
702,New York,2020-02,36.0,36.353092783505154
703,New York,2020-03,36.0,35.32374100719424
704,New York,2020-04,36.0,36.70625
705,New York,2020-05,36.0,35.23706377858002
706,New York,2020-06,36.0,39.93765903307888
707,New York,2020-07,36.0,41.23132530120482
708,New York,2020-08,36.0,36.90689238210399
709,New York,2020-09,36.0,31.28589108910891
710,New York,2020-10,36.0,27.932038834951456
711,New York,2020-11,36.0,33.6062893081761
712,New York,2020-12,36.0,33.077481840193705
713,New York,2021-01,36.0,34.76709154113557
714,New York,2021-02,36.0,37.833333333333336
715,New York,2021-03,36.0,37.9224537037037
716,New York,2021-04,36.0,38.63277511961722
717,New York,2021-05,36.0,40.96261682242991
718,New York,2021-06,36.0,42.67773677736778
719,New York,2021-07,36.0,40.13793103448276
720,New York,2021-08,36.0,39.9937106918239
721,New York,2021-09,36.0,29.993055555555557
722,New York,2021-10,36.0,1.8333333333333333
723,North Carolina,2020-01,37.0,23.177556818181817
724,North Carolina,2020-02,37.0,24.95508982035928
725,North Carolina,2020-03,37.0,37.38737040527804
726,North Carolina,2020-04,37.0,40.559108527131784
727,North Carolina,2020-05,37.0,35.90310442144873
728,North Carolina,2020-06,37.0,39.081372549019605
729,North Carolina,2020-07,37.0,37.93979303857009
730,North Carolina,2020-08,37.0,32.69679300291545
731,North Carolina,2020-09,37.0,30.345261121856865
732,North Carolina,2020-10,37.0,31.54127579737336
733,North Carolina,2020-11,37.0,29.6784140969163
734,North Carolina,2020-12,37.0,29.961379310344828
735,North Carolina,2021-01,37.0,25.235367372353675
736,North Carolina,2021-02,37.0,24.461432506887054
737,North Carolina,2021-03,37.0,38.82181818181818
738,North Carolina,2021-04,37.0,45.76589861751152
739,North Carolina,2021-05,37.0,43.12168344007319
740,North Carolina,2021-06,37.0,33.43333333333333
741,North Carolina,2021-07,37.0,35.73725490196078
742,North Carolina,2021-08,37.0,35.282078472958645
743,North Carolina,2021-09,37.0,40.58139534883721
744,North Carolina,2021-10,37.0,6.0
745,North Dakota,2020-01,38.0,31.802867383512545
746,North Dakota,2020-02,38.0,33.32183908045977
747,North Dakota,2020-03,38.0,34.23550724637681
748,North Dakota,2020-04,38.0,38.226765799256505
749,North Dakota,2020-05,38.0,38.33691756272401
750,North Dakota,2020-06,38.0,40.95185185185185
751,North Dakota,2020-07,38.0,34.29390681003584
752,North Dakota,2020-08,38.0,38.36200716845878
753,North Dakota,2020-09,38.0,34.69776119402985
754,North Dakota,2020-10,38.0,30.60573476702509
755,North Dakota,2020-11,38.0,30.651851851851852
756,North Dakota,2020-12,38.0,29.025089605734767
757,North Dakota,2021-01,38.0,32.24590163934426
758,North Dakota,2021-02,38.0,29.189964157706093
759,North Dakota,2021-03,38.0,32.73548387096774
760,North Dakota,2021-04,38.0,36.303333333333335
761,North Dakota,2021-05,38.0,36.60322580645161
762,North Dakota,2021-06,38.0,41.87
763,North Dakota,2021-07,38.0,71.89208633093526
764,North Dakota,2021-08,38.0,64.29032258064517
765,North Dakota,2021-09,38.0,2.0
766,Ohio,2020-01,39.0,28.865
767,Ohio,2020-02,39.0,31.989174560216508
768,Ohio,2020-03,39.0,34.161650902837486
769,Ohio,2020-04,39.0,38.06902654867257
770,Ohio,2020-05,39.0,36.983620689655176
771,Ohio,2020-06,39.0,46.276881720430104
772,Ohio,2020-07,39.0,49.13937867338371
773,Ohio,2020-08,39.0,39.901793339026476
774,Ohio,2020-09,39.0,35.46649029982363
775,Ohio,2020-10,39.0,29.343803056027166
776,Ohio,2020-11,39.0,33.50480109739369
777,Ohio,2020-12,39.0,33.2794701986755
778,Ohio,2021-01,39.0,28.28985507246377
779,Ohio,2021-02,39.0,33.96860465116279
780,Ohio,2021-03,39.0,36.97458300238284
781,Ohio,2021-04,39.0,38.111382113821136
782,Ohio,2021-05,39.0,39.97697620874904
783,Ohio,2021-06,39.0,41.48972884141331
784,Ohio,2021-07,39.0,41.97809076682316
785,Ohio,2021-08,39.0,39.5959595959596
786,Ohio,2021-09,39.0,35.01747088186356
787,Ohio,2021-10,39.0,30.496062992125985
788,Oklahoma,2020-01,40.0,29.59122401847575
789,Oklahoma,2020-02,40.0,32.29694323144105
790,Oklahoma,2020-03,40.0,37.464285714285715
791,Oklahoma,2020-04,40.0,42.05622489959839
792,Oklahoma,2020-05,40.0,39.50853889943074
793,Oklahoma,2020-06,40.0,51.410404624277454
794,Oklahoma,2020-07,40.0,43.35647279549718
795,Oklahoma,2020-08,40.0,45.48587570621469
796,Oklahoma,2020-09,40.0,39.640776699029125
797,Oklahoma,2020-10,40.0,35.666666666666664
798,Oklahoma,2020-11,40.0,36.58232931726908
799,Oklahoma,2020-12,40.0,35.12820512820513
800,Oklahoma,2021-01,40.0,34.91428571428571
801,Oklahoma,2021-02,40.0,39.198218262806236
802,Oklahoma,2021-03,40.0,44.45663716814159
803,Oklahoma,2021-04,40.0,45.301953818827705
804,Oklahoma,2021-05,40.0,36.659609120521175
805,Oklahoma,2021-06,40.0,44.81135225375626
806,Oklahoma,2021-07,40.0,46.505226480836235
807,Oklahoma,2021-08,40.0,43.901192504258944
808,Oklahoma,2021-09,40.0,48.791519434628974
809,Oklahoma,2021-10,40.0,38.034343434343434
810,Oklahoma,2021-11,40.0,5.0
811,Oregon,2020-01,41.0,28.484104046242773
812,Oregon,2020-02,41.0,33.98761609907121
813,Oregon,2020-03,41.0,26.829232995658465
814,Oregon,2020-04,41.0,21.402124430955993
815,Oregon,2020-05,41.0,22.291549295774647
816,Oregon,2020-06,41.0,19.107246376811595
817,Oregon,2020-07,41.0,27.991513437057993
818,Oregon,2020-08,41.0,35.15427769985975
819,Oregon,2020-09,41.0,116.84977908689248
820,Oregon,2020-10,41.0,40.88499298737728
821,Oregon,2020-11,41.0,41.40724637681159
822,Oregon,2020-12,41.0,43.530985915492955
823,Oregon,2021-01,41.0,36.125894134477825
824,Oregon,2021-02,41.0,28.868253968253967
825,Oregon,2021-03,41.0,29.86115007012623
826,Oregon,2021-04,41.0,23.36842105263158
827,Oregon,2021-05,41.0,23.644274809160304
828,Oregon,2021-06,41.0,25.32182103610675
829,Oregon,2021-07,41.0,61.61904761904762
830,Oregon,2021-08,41.0,104.63414634146342
831,Oregon,2021-09,41.0,75.36666666666666
832,Pennsylvania,2020-01,42.0,35.533167495854066
833,Pennsylvania,2020-02,42.0,38.16710642040457
834,Pennsylvania,2020-03,42.0,37.14842454394693
835,Pennsylvania,2020-04,42.0,39.22493461203138
836,Pennsylvania,2020-05,42.0,37.088039867109636
837,Pennsylvania,2020-06,42.0,41.47814910025707
838,Pennsylvania,2020-07,42.0,46.128246753246756
839,Pennsylvania,2020-08,42.0,41.07756463719767
840,Pennsylvania,2020-09,42.0,34.28337639965547
841,Pennsylvania,2020-10,42.0,31.48157248157248
842,Pennsylvania,2020-11,42.0,38.027989821882954
843,Pennsylvania,2020-12,42.0,37.285012285012286
844,Pennsylvania,2021-01,42.0,36.377049180327866
845,Pennsylvania,2021-02,42.0,41.106856634016026
846,Pennsylvania,2021-03,42.0,40.312627291242364
847,Pennsylvania,2021-04,42.0,41.51954397394137
848,Pennsylvania,2021-05,42.0,42.080606544293694
849,Pennsylvania,2021-06,42.0,41.871815940838125
850,Pennsylvania,2021-07,42.0,49.767090620031794
851,Pennsylvania,2021-08,42.0,43.71496815286624
852,Pennsylvania,2021-09,42.0,43.90625
853,Pennsylvania,2021-10,42.0,6.0
854,Puerto Rico,2020-01,72.0,14.976331360946746
855,Puerto Rico,2020-02,72.0,19.481927710843372
856,Puerto Rico,2020-03,72.0,20.103092783505154
857,Puerto Rico,2020-04,72.0,15.619047619047619
858,Puerto Rico,2020-05,72.0,22.47596153846154
859,Puerto Rico,2020-06,72.0,20.633333333333333
860,Puerto Rico,2020-07,72.0,27.627906976744185
861,Puerto Rico,2020-08,72.0,33.58988764044944
862,Puerto Rico,2020-09,72.0,28.640883977900554
863,Puerto Rico,2020-10,72.0,22.14406779661017
864,Puerto Rico,2020-11,72.0,15.422110552763819
865,Puerto Rico,2020-12,72.0,14.653658536585366
866,Puerto Rico,2021-01,72.0,15.400966183574878
867,Puerto Rico,2021-02,72.0,26.548780487804876
868,Puerto Rico,2021-03,72.0,23.146551724137932
869,Puerto Rico,2021-04,72.0,31.79047619047619
870,Puerto Rico,2021-05,72.0,30.16521739130435
871,Puerto Rico,2021-06,72.0,31.99019607843137
872,Puerto Rico,2021-07,72.0,29.528455284552845
873,Puerto Rico,2021-08,72.0,34.723214285714285
874,Puerto Rico,2021-09,72.0,26.571428571428573
875,Puerto Rico,2021-10,72.0,17.0
876,Rhode Island,2020-01,44.0,26.698924731182796
877,Rhode Island,2020-02,44.0,26.166666666666668
878,Rhode Island,2020-03,44.0,40.086021505376344
879,Rhode Island,2020-04,44.0,41.8
880,Rhode Island,2020-05,44.0,37.75268817204301
881,Rhode Island,2020-06,44.0,42.9
882,Rhode Island,2020-07,44.0,45.86021505376344
883,Rhode Island,2020-08,44.0,45.06818181818182
884,Rhode Island,2020-09,44.0,36.18888888888889
885,Rhode Island,2020-10,44.0,21.333333333333332
886,Rhode Island,2020-11,44.0,27.644444444444446
887,Rhode Island,2020-12,44.0,28.763440860215052
888,Rhode Island,2021-01,44.0,27.129032258064516
889,Rhode Island,2021-02,44.0,28.5
890,Rhode Island,2021-03,44.0,41.72826086956522
891,Rhode Island,2021-04,44.0,42.77777777777778
892,Rhode Island,2021-05,44.0,42.69892473118279
893,Rhode Island,2021-06,44.0,50.15555555555556
894,Rhode Island,2021-07,44.0,45.53763440860215
895,Rhode Island,2021-08,44.0,46.40659340659341
896,Rhode Island,2021-09,44.0,8.0
897,South Carolina,2020-01,45.0,28.84561403508772
898,South Carolina,2020-02,45.0,32.85174418604651
899,South Carolina,2020-03,45.0,37.79254079254079
900,South Carolina,2020-04,45.0,40.22622107969152
901,South Carolina,2020-05,45.0,35.155080213903744
902,South Carolina,2020-06,45.0,36.29556650246305
903,South Carolina,2020-07,45.0,37.082926829268295
904,South Carolina,2020-08,45.0,32.66974595842956
905,South Carolina,2020-09,45.0,31.381861575179
906,South Carolina,2020-10,45.0,32.61431870669746
907,South Carolina,2020-11,45.0,32.41818181818182
908,South Carolina,2020-12,45.0,35.75091575091575
909,South Carolina,2021-01,45.0,31.130434782608695
910,South Carolina,2021-02,45.0,33.25078369905956
911,South Carolina,2021-03,45.0,40.270207852194
912,South Carolina,2021-04,45.0,48.21666666666667
913,South Carolina,2021-05,45.0,45.298368298368295
914,South Carolina,2021-06,45.0,33.71462829736211
915,South Carolina,2021-07,45.0,38.145161290322584
916,South Carolina,2021-08,45.0,38.32121212121212
917,South Carolina,2021-09,45.0,33.80503144654088
918,South Dakota,2020-01,46.0,31.19869706840391
919,South Dakota,2020-02,46.0,33.78125
920,South Dakota,2020-03,46.0,31.806451612903224
921,South Dakota,2020-04,46.0,35.671140939597315
922,South Dakota,2020-05,46.0,31.36774193548387
923,South Dakota,2020-06,46.0,44.10033444816054
924,South Dakota,2020-07,46.0,37.116129032258065
925,South Dakota,2020-08,46.0,39.960912052117266
926,South Dakota,2020-09,46.0,39.96666666666667
927,South Dakota,2020-10,46.0,33.27831715210356
928,South Dakota,2020-11,46.0,30.255892255892256
929,South Dakota,2020-12,46.0,30.980645161290322
930,South Dakota,2021-01,46.0,33.91290322580645
931,South Dakota,2021-02,46.0,33.87360594795539
932,South Dakota,2021-03,46.0,33.7312925170068
933,South Dakota,2021-04,46.0,33.21
934,South Dakota,2021-05,46.0,33.57142857142857
935,South Dakota,2021-06,46.0,43.49
936,South Dakota,2021-07,46.0,2.0
937,Tennessee,2020-01,47.0,26.638698630136986
938,Tennessee,2020-02,47.0,26.08382066276803
939,Tennessee,2020-03,47.0,31.80234260614934
940,Tennessee,2020-04,47.0,36.38970588235294
941,Tennessee,2020-05,47.0,33.905797101449274
942,Tennessee,2020-06,47.0,39.89296187683284
943,Tennessee,2020-07,47.0,38.394922425952046
944,Tennessee,2020-08,47.0,33.731914893617024
945,Tennessee,2020-09,47.0,32.244152046783626
946,Tennessee,2020-10,47.0,31.37
947,Tennessee,2020-11,47.0,30.775
948,Tennessee,2020-12,47.0,34.522413793103446
949,Tennessee,2021-01,47.0,30.04130808950086
950,Tennessee,2021-02,47.0,35.99604743083004
951,Tennessee,2021-03,47.0,36.9868804664723
952,Tennessee,2021-04,47.0,40.785401459854015
953,Tennessee,2021-05,47.0,41.7621776504298
954,Tennessee,2021-06,47.0,38.07533234859675
955,Tennessee,2021-07,47.0,46.532407407407405
956,Tennessee,2021-08,47.0,38.967914438502675
957,Tennessee,2021-09,47.0,42.4
958,Tennessee,2021-10,47.0,39.03125
959,Texas,2020-01,48.0,30.06058282208589
960,Texas,2020-02,48.0,32.25416666666667
961,Texas,2020-03,48.0,35.09229595728451
962,Texas,2020-04,48.0,42.56402199528672
963,Texas,2020-05,48.0,43.38309215536938
964,Texas,2020-06,48.0,46.08085430968726
965,Texas,2020-07,48.0,41.78159240321403
966,Texas,2020-08,48.0,44.63423555230432
967,Texas,2020-09,48.0,37.58779201205727
968,Texas,2020-10,48.0,36.81890331890332
969,Texas,2020-11,48.0,33.714285714285715
970,Texas,2020-12,48.0,31.407894736842106
971,Texas,2021-01,48.0,30.506553079947576
972,Texas,2021-02,48.0,31.433634992458522
973,Texas,2021-03,48.0,38.550791556728235
974,Texas,2021-04,48.0,39.63918918918919
975,Texas,2021-05,48.0,36.97953795379538
976,Texas,2021-06,48.0,38.762585034013604
977,Texas,2021-07,48.0,38.61069735951253
978,Texas,2021-08,48.0,41.76392961876833
979,Texas,2021-09,48.0,47.2436974789916
980,Utah,2020-01,49.0,39.348519362186785
981,Utah,2020-02,49.0,39.93253012048193
982,Utah,2020-03,49.0,40.39775280898876
983,Utah,2020-04,49.0,43.83175355450237
984,Utah,2020-05,49.0,49.05620608899297
985,Utah,2020-06,49.0,47.304449648711945
986,Utah,2020-07,49.0,53.12415349887133
987,Utah,2020-08,49.0,66.03174603174604
988,Utah,2020-09,49.0,51.32387706855792
989,Utah,2020-10,49.0,43.78603603603604
990,Utah,2020-11,49.0,35.33411214953271
991,Utah,2020-12,49.0,39.5518018018018
992,Utah,2021-01,49.0,44.27777777777778
993,Utah,2021-02,49.0,38.85421994884911
994,Utah,2021-03,49.0,42.63048498845266
995,Utah,2021-04,49.0,46.84248210023866
996,Utah,2021-05,49.0,50.92378752886836
997,Utah,2021-06,49.0,57.67541766109785
998,Utah,2021-07,49.0,75.74231678486997
999,Utah,2021-08,49.0,74.26036866359448
1000,Utah,2021-09,49.0,55.885714285714286
1001,Utah,2021-10,49.0,36.58870967741935
1002,Utah,2021-11,49.0,3.3333333333333335
1003,Vermont,2020-01,50.0,35.47572815533981
1004,Vermont,2020-02,50.0,42.0
1005,Vermont,2020-03,50.0,36.58653846153846
1006,Vermont,2020-04,50.0,37.484848484848484
1007,Vermont,2020-05,50.0,36.601941747572816
1008,Vermont,2020-06,50.0,33.2
1009,Vermont,2020-07,50.0,33.23300970873787
1010,Vermont,2020-08,50.0,30.640776699029125
1011,Vermont,2020-09,50.0,29.64
1012,Vermont,2020-10,50.0,28.00980392156863
1013,Vermont,2020-11,50.0,34.2680412371134
1014,Vermont,2020-12,50.0,37.9009900990099
1015,Vermont,2021-01,50.0,41.38709677419355
1016,Vermont,2021-02,50.0,42.916666666666664
1017,Vermont,2021-03,50.0,41.87096774193548
1018,Vermont,2021-04,50.0,38.51111111111111
1019,Vermont,2021-05,50.0,39.81720430107527
1020,Vermont,2021-06,50.0,40.888888888888886
1021,Vermont,2021-07,50.0,3.0
1022,Virgin Islands,2020-01,78.0,14.875
1023,Virgin Islands,2020-02,78.0,23.642857142857142
1024,Virgin Islands,2020-03,78.0,14.923076923076923
1025,Virgin Islands,2020-04,78.0,17.4
1026,Virgin Islands,2020-05,78.0,25.571428571428573
1027,Virgin Islands,2020-06,78.0,34.81818181818182
1028,Virgin Islands,2020-07,78.0,29.923076923076923
1029,Virgin Islands,2020-08,78.0,27.88235294117647
1030,Virgin Islands,2020-09,78.0,32.13333333333333
1031,Virgin Islands,2020-10,78.0,37.48275862068966
1032,Virgin Islands,2020-11,78.0,26.142857142857142
1033,Virgin Islands,2020-12,78.0,16.0
1034,Virgin Islands,2021-01,78.0,15.0
1035,Virgin Islands,2021-02,78.0,23.2
1036,Virgin Islands,2021-03,78.0,22.8
1037,Virgin Islands,2021-04,78.0,25.4
1038,Virgin Islands,2021-05,78.0,38.4
1039,Virgin Islands,2021-06,78.0,43.0
1040,Virginia,2020-01,51.0,26.34931506849315
1041,Virginia,2020-02,51.0,27.03551401869159
1042,Virginia,2020-03,51.0,34.47104247104247
1043,Virginia,2020-04,51.0,36.99475065616798
1044,Virginia,2020-05,51.0,33.56712672521957
1045,Virginia,2020-06,51.0,36.286458333333336
1046,Virginia,2020-07,51.0,38.86538461538461
1047,Virginia,2020-08,51.0,31.672215108834827
1048,Virginia,2020-09,51.0,28.332460732984295
1049,Virginia,2020-10,51.0,27.566666666666666
1050,Virginia,2020-11,51.0,29.942608695652172
1051,Virginia,2020-12,51.0,28.03972366148532
1052,Virginia,2021-01,51.0,27.404290429042906
1053,Virginia,2021-02,51.0,30.380149812734082
1054,Virginia,2021-03,51.0,37.11495673671199
1055,Virginia,2021-04,51.0,40.519745222929934
1056,Virginia,2021-05,51.0,39.27415458937198
1057,Virginia,2021-06,51.0,33.43164556962025
1058,Virginia,2021-07,51.0,36.53378378378378
1059,Virginia,2021-08,51.0,32.16129032258065
1060,Virginia,2021-09,51.0,26.502202643171806
1061,Virginia,2021-10,51.0,8.631578947368421
1062,Washington,2020-01,53.0,23.24108108108108
1063,Washington,2020-02,53.0,25.810344827586206
1064,Washington,2020-03,53.0,23.762419006479483
1065,Washington,2020-04,53.0,21.1917502787068
1066,Washington,2020-05,53.0,20.167573449401523
1067,Washington,2020-06,53.0,18.028280542986426
1068,Washington,2020-07,53.0,24.988814317673377
1069,Washington,2020-08,53.0,27.131221719457013
1070,Washington,2020-09,53.0,93.73727810650888
1071,Washington,2020-10,53.0,31.616422947131607
1072,Washington,2020-11,53.0,32.62543352601156
1073,Washington,2020-12,53.0,34.05071664829107
1074,Washington,2021-01,53.0,33.291166848418754
1075,Washington,2021-02,53.0,24.74064837905237
1076,Washington,2021-03,53.0,26.784994400895858
1077,Washington,2021-04,53.0,25.729910714285715
1078,Washington,2021-05,53.0,22.3495670995671
1079,Washington,2021-06,53.0,25.47629796839729
1080,Washington,2021-07,53.0,47.172413793103445
1081,Washington,2021-08,53.0,44.392857142857146
1082,West Virginia,2020-01,54.0,29.098039215686274
1083,West Virginia,2020-02,54.0,29.887755102040817
1084,West Virginia,2020-03,54.0,32.02023121387283
1085,West Virginia,2020-04,54.0,37.31884057971015
1086,West Virginia,2020-05,54.0,34.33519553072626
1087,West Virginia,2020-06,54.0,37.76162790697674
1088,West Virginia,2020-07,54.0,41.16304347826087
1089,West Virginia,2020-08,54.0,36.89784946236559
1090,West Virginia,2020-09,54.0,29.96590909090909
1091,West Virginia,2020-10,54.0,26.760217983651227
1092,West Virginia,2020-11,54.0,28.334821428571427
1093,West Virginia,2020-12,54.0,27.0
1094,West Virginia,2021-01,54.0,24.975155279503106
1095,West Virginia,2021-02,54.0,27.91958041958042
1096,West Virginia,2021-03,54.0,37.61165048543689
1097,West Virginia,2021-04,54.0,40.1760391198044
1098,West Virginia,2021-05,54.0,36.650118203309695
1099,West Virginia,2021-06,54.0,35.02933985330073
1100,West Virginia,2021-07,54.0,39.871980676328505
1101,West Virginia,2021-08,54.0,36.514066496163686
1102,West Virginia,2021-09,54.0,32.362857142857145
1103,West Virginia,2021-10,54.0,2.0
1104,Wisconsin,2020-01,55.0,37.60243407707911
1105,Wisconsin,2020-02,55.0,33.96746203904555
1106,Wisconsin,2020-03,55.0,36.669724770642205
1107,Wisconsin,2020-04,55.0,40.17786069651741
1108,Wisconsin,2020-05,55.0,39.45378151260504
1109,Wisconsin,2020-06,55.0,50.41975308641975
1110,Wisconsin,2020-07,55.0,39.90419161676647
1111,Wisconsin,2020-08,55.0,38.016786570743406
1112,Wisconsin,2020-09,55.0,31.066749072929543
1113,Wisconsin,2020-10,55.0,29.855029585798817
1114,Wisconsin,2020-11,55.0,36.7
1115,Wisconsin,2020-12,55.0,37.193482688391036
1116,Wisconsin,2021-01,55.0,39.311195445920305
1117,Wisconsin,2021-02,55.0,40.22222222222222
1118,Wisconsin,2021-03,55.0,37.1123417721519
1119,Wisconsin,2021-04,55.0,38.43478260869565
1120,Wisconsin,2021-05,55.0,39.65264293419633
1121,Wisconsin,2021-06,55.0,48.76094276094276
1122,Wisconsin,2021-07,55.0,41.46031746031746
1123,Wisconsin,2021-08,55.0,47.99186991869919
1124,Wisconsin,2021-09,55.0,38.233333333333334
1125,Wisconsin,2021-10,55.0,33.646153846153844
1126,Wyoming,2020-01,56.0,35.227722772277225
1127,Wyoming,2020-02,56.0,39.51162790697674
1128,Wyoming,2020-03,56.0,37.36161616161616
1129,Wyoming,2020-04,56.0,40.95625
1130,Wyoming,2020-05,56.0,42.22047244094488
1131,Wyoming,2020-06,56.0,40.65461847389558
1132,Wyoming,2020-07,56.0,41.82950191570881
1133,Wyoming,2020-08,56.0,51.325842696629216
1134,Wyoming,2020-09,56.0,44.64327485380117
1135,Wyoming,2020-10,56.0,36.50280373831776
1136,Wyoming,2020-11,56.0,31.05
1137,Wyoming,2020-12,56.0,31.02429906542056
1138,Wyoming,2021-01,56.0,30.618959107806692
1139,Wyoming,2021-02,56.0,33.89278350515464
1140,Wyoming,2021-03,56.0,37.10506566604128
1141,Wyoming,2021-04,56.0,37.96938775510204
1142,Wyoming,2021-05,56.0,37.625246548323474
1143,Wyoming,2021-06,56.0,45.946938775510205
1144,Wyoming,2021-07,56.0,59.8031914893617
1145,Wyoming,2021-08,56.0,63.0
1146,Wyoming,2021-09,56.0,41.37162162162162
1147,Wyoming,2021-10,56.0,12.25
